﻿{"cameraMode":{"drawMode":0,"name":"Shaded","section":"Shading Mode"},"sceneLighting":true,"audioPlay":false,"sceneViewState":{"showFog":true,"showMaterialUpdate":false,"showSkybox":true,"showFlares":true,"showImageEffects":true,"showParticleSystems":true},"in2DMode":false,"pivot":{"x":5.2462029457092289,"y":-0.19000005722045899,"z":10.5794677734375},"rotation":{"x":-0.2878817319869995,"y":0.69014972448349,"z":-0.35353901982307436,"w":-0.5619882345199585},"size":1.5301469564437867,"orthographic":false}