﻿{"cameraMode":{"drawMode":0,"name":"Shaded","section":"Shading Mode"},"sceneLighting":true,"audioPlay":false,"sceneViewState":{"showFog":true,"showMaterialUpdate":false,"showSkybox":true,"showFlares":true,"showImageEffects":true,"showParticleSystems":true},"in2DMode":false,"pivot":{"x":-0.4520878791809082,"y":-0.09484317898750305,"z":-0.42108336091041567},"rotation":{"x":-0.05727655813097954,"y":0.00808371976017952,"z":-0.00046401083818636835,"w":-0.9983251690864563},"size":2.151337146759033,"orthographic":false}